1,"98, Dollis Hill Avenue, london, nW2 6qx",,Wed 25th 9:30,,Fri 27th 9:30,,,Tue 3rd 9:30,,Thu 5th 9:30,,,Sun 8th 9:30
2,"28 Friern Barnet lane, london, n11 3lx",,Wed 25th 12:45,,Fri 27th 12:45,,,Tue 3rd 12:45,,Thu 5th 12:45,,Sat 7th 11:45,Sun 8th 12:45
3,"1d Kemble road, Croydon, Cr0 4Jq",Tue 24th 11:00,,Thu 26th 11:00,,,Mon 2nd 11:00,,Wed 4th 11:00,,Fri 6th 11:00,,
4,"188 Herlwyn Avenue, ruislip, HA4 6HJ",Tue 24th 09:30,,Thu 26th 09:30,,,Mon 2nd 09:30,,Wed 4th 09:30,,Fri 6th 09:30,,
4A,"Flat 2, 99 mount Pleasant road, lewisham, Se13 6rG",,Wed 25th 11:30,,Fri 27th 11:30,,,Tue 3rd 11:30,,Thu 5th 11:30,,,Sun 8th 11:30
5,"13C Canadian Avenue, london, Se6 3Au",,Wed 25th 10:30,,Fri 27th 10:30,,,Tue 3rd 10:30,,Thu 5th 10:30,,,Sun 8th 10:30
6,"69D Deptford High Street, london, Se8 4AA",Tue 24th 16:45,,Thu 26th 16:45,,,Mon 2nd 16:45,,Wed 4th 16:45,,Fri 6th 16:45,,
9,"GFF, 110 Boston road, Hanwell, W7 2eP",Tue 24th 11:00,,Thu 26th 11:00,,,Mon 2nd 11:00,,Wed 4th 11:00,,Fri 6th 11:00,,
10,"16, Bruce Castle Ct, lordship ln, Tottenham, n17 6rr",,Wed 25th 13:45,,Fri 27th 13:45,,,Tue 3rd 13:45,,Thu 5th 13:45,,Sat 7th 12:45,Sun 8th 13:45
11,"28 Campfield road, ST. AlBAnS, Al1 5JA",,,Thu 26th 09:15,,,,Tue 3rd 09:15,,Thu 5th 16:30,,Sat 7th 10:15,Sun 8th 09:15
16,"GFF, 7 Grange road, london, W4 4DB",Tue 24th 12:00,,Thu 26th 12:00,,Sat 28th 09:30,Mon 2nd 12:00,,Wed 4th 12:00,,Fri 6th 12:00,,
25,"4 Argyle road, london, n17 0Be",,Wed 25th 14:30,,Fri 27th 14:30,,,Tue 3rd 14:30,,Thu 5th 14:30,,,Sun 8th 14:30
28,"36 Stanton road, london, SW20 8rJ",Tue 24th 13:15,,Thu 26th 13:15,,,Mon 2nd 13:15,,Wed 4th 13:15,,Fri 6th 13:15,,
30,"90 Saltram Crescent, lonDon, W9 3Jx",,,,,,Mon 2nd 12:00,Tue 3rd 12:00,Wed 4th 12:00,Thu 5th 12:00,Fri 6th 12:00,Sat 7th 12:00,Sun 8th 12:00
34,"101, Church Street, CroYDon, Surrey, Cr0 1rn",Tue 24th 11:45,,Thu 26th 11:45,,,Mon 2nd 11:45,,Wed 4th 11:45,,Fri 6th 11:45,,
35,"Flat 1, 12 north Hill, Highgate, london, n6 4qA",,Wed 25th 11:45,,Fri 27th 11:45,Sat 28th 13:45,,Tue 3rd 11:45,,Thu 5th 11:45,,,Sun 8th 11:45
36,"25 Belgravia House, Clarence Av, Clapham, SW4 8HY",Tue 24th 14:30,,Thu 26th 14:30,,,Mon 2nd 14:30,,Wed 4th 14:30,,Fri 6th 14:30,,
37,"34a, Grenville road, london, n19 4eH",,Wed 25th 10:45,,Fri 27th 10:45,Sat 28th 14:45,,Tue 3rd 10:45,,Thu 5th 10:45,,,Sun 8th 10:45
38,"1a, Albert road, london, Se25 4JD",Tue 24th 12:45,,Thu 26th 12:45,,,Mon 2nd 12:45,,Wed 4th 12:45,,Fri 6th 12:45,,
45,"4 West Grove, Hersham, Walton-on-Thames, KT12 5nx",,,Thu 26th 10:30,,,Mon 2nd 10:30,,,Thu 5th 10:30,,Sat 7th 10:30,Sun 8th 10:30
46,"35 Wisteria road, london, Se13 5HW",,Wed 25th 13:15,,Fri 27th 13:15,,,Tue 3rd 13:15,,Thu 5th 13:15,,,Sun 8th 13:15
48,"17 John Street, South norwood, london, Se25 4uJ",Tue 24th 13:00,,Thu 26th 13:00,,Sat 28th 11:15,Mon 2nd 13:00,,Wed 4th 13:00,,Fri 6th 13:00,,
50,"36b, upland road, SouTH CroYDon, Surrey, Cr2 6re",Tue 24th 10:00,,Thu 26th 10:00,,,Mon 2nd 10:00,,Wed 4th 10:00,,Fri 6th 10:00,,
51,"4, Johns Court, Gillian Street, lewisham, Se13 7Al",,Wed 25th 12:15,,Fri 27th 12:15,,,Tue 3rd 12:15,,Thu 5th 12:15,,,Sun 8th 12:15
54,"4, Belle vue Park, THornTon HeATH, Cr7 8JB",Tue 24th 14:00,,Thu 26th 14:00,,,Mon 2nd 14:00,,Wed 4th 14:00,,Fri 6th 14:00,,
57,"15a High Street, Addlestone, KT15 1Tl",,Wed 25th 09:30,,Fri 27th 09:30,,,Tue 3rd 09:30,,Thu 5th 09:30,,,
58,"60 Woodvale Walk, West norwood, london, Se27 0eY",Tue 24th 15:30,,Thu 26th 15:30,,,Mon 2nd 15:30,,Wed 4th 15:30,,Fri 6th 15:30,,
64,"16 Chalford Walk, WooDForD Green, IG8 8PH",,Wed 25th 15:45,,Fri 27th 15:45,,,Tue 3rd 15:45,,Thu 5th 15:45,,Sat 7th 13:45,Sun 8th 15:45
65,"80 Plumtree Close, DAGenHAm, rm10 8uA",,Wed 25th 11:45,,Fri 27th 11:45,,,Tue 3rd 11:45,,Thu 5th 11:45,,,Sun 8th 11:45
68,"170 Squirrels Heath lane, HornCHurCH, rm11 2Dx",,Wed 25th 11:00,,Fri 27th 11:00,,,Tue 3rd 11:00,,Thu 5th 11:00,,,Sun 8th 11:00
72,"5 Kendal Court, railway rd, newhaven, Bn9 0AY",,,,,,Mon 2nd 11:30,,,,Fri 6th 11:30,,
73,"24 manor road, Selsey, Chichester, Po20 0SD",,,,,,Mon 2nd 13:30,,,,Fri 6th 13:30,,
75,"24a manor road, Selsey, Chichester, Po20 0SD",,,,,,Mon 2nd 13:30,,,,Fri 6th 13:30,,
77,"10 Yalding Grove, orPInGTon, Kent, Br5 3Se",,Wed 25th 10:00,,Fri 27th 10:00,,,Tue 3rd 10:00,,Thu 5th 10:00,,,Sun 8th 10:00
95,"Strathmore, 2 Hesketh road, Southport, Pr9 9PD",,,,,Sat 28th ,Mon 2nd 10:00,,,Thu 5th 10:00,,,
99,"32 Park Avenue, norfolk, nr28 9HJ",,,Thu 26th 10:00,,,,,,Thu 5th 16:00,,,
123,"32 eighth Street, Peterlee, Sr8 4lY",,,,,Sat 28th 10:00,,,,,,Sat 7th 10:00,
