1,"1 Parkfield Close, Northolt, Middlesex UB5 5NP",,THURS 5th 11.30 a.m.,,SAT 7th 11.30 a.m.,,TUES 10th 11.30 a.m.,,THURS 12th 11.30 a.m.,,,MON 16th 11.30 a.m.
2,"25A Temple Road, Ealing, London W5 4SL",,,FRI 6th 4.15 p.m.,,MON 9th 4.15 p.m.,,WED 11th 4.15 p.m.,,FRI 13th 4.15 p.m.,SAT 14th 4.15 p.m.,
3,"14 Adine Road, Plaistow, London E13 8LL",,THURS 5th 2.45 p.m.,,SAT 7th 2.45 p.m.,,,WED 11th 2.45 p.m.,,FRI 13th 2.45 p.m.,,MON 16th 2.45 p.m.
4,"10 Spelthorne Lane, Ashford, Middlesex TW15 1UJ",,THURS 5th 2.00 p.m.,,SAT 7th 2.00 p.m.,,TUES 10th 2.00 p.m.,,THURS 12th 2.00 p.m.,,,MON 16th 2.00 p.m.
5,"26 Norfolk Road, East Ham, London E6 2NJ",,THURS 5th 10.30 a.m.,,SAT 7th 10.30 a.m.,,,WED 11th 10.30 a.m.,,FRI 13th 10.30 a.m.,,MON 16th 10.30 a.m.
6,"29B Castellain Road, Maida Vale, London W9 1EY",,,FRI 6th 1.30 p.m.,,MON 9th 1.30 p.m.,,WED 11th 1.30 p.m.,,FRI 13th 1.30 p.m.,SAT 14th 1.30 p.m.,
7,"9 Saxon Road, Ilford, Essex IG1 2PB",,THURS 5th 12.30 p.m.,,SAT 7th 12.30 p.m.,,,WED 11th 12.30 p.m.,,FRI 13th 12.30 p.m.,,MON 16th 12.30 p.m.
8,"16 Rowden Road, Chingford, London E4 8SD",WED 4th 10.30 a.m.,,FRI 6th 10.30 a.m.,,MON 9th 10.30 a.m.,,,THURS 12th 10.30 a.m.,,SAT 14th 10.30 a.m.,
9,"88C Newington Green Road, Islington, London N1 4RN",WED 4th 2.30 p.m.,,FRI 6th 2.30 p.m.,,MON 9th 2.30 p.m.,,,THURS 12th 2.30 p.m.,,SAT 14th 2.30 p.m.,
10,"331 Harrow Road, Wembley, Middlesex HA9 6BA",,THURS 5th 10.00 a.m.,,SAT 7th 10.00 a.m.,,TUES 10th 10.00 a.m.,,THURS 12th 10.00 a.m.,,,MON 16th 10.00 a.m.
11,"141A Sandringham Road, Willesden, London NW2 5EJ",,,FRI 6th 9.00 a.m.,,MON 9th 9.00 a.m.,,WED 11th 9.00 a.m.,,FRI 13th 9.00 a.m.,SAT 14th 9.00 a.m.,
12,"8 Frant Road, Thornton Heath, Surrey CR7 7JQ",,THURS 5th 11.15 a.m.,,SAT 7th 11.15 a.m.,,,WED 11th 11.15 a.m.,,FRI 13th 11.15 a.m.,,MON 16th 11.15 a.m.
13,"37 Runnymede Crescent, Streatham, London SW16 5UF",,THURS 5th 4.00 p.m.,,SAT 7th 4.00 p.m.,,,WED 11th 4.00 p.m.,,FRI 13th 4.00 p.m.,,MON 16th 4.00 p.m.
14,"44 Churchill Road, Walthamstow, London E17 9RX",,THURS 5th 9.00 a.m.,,SAT 7th 9.00 a.m.,,,WED 11th 9.00 a.m.,,FRI 13th 9.00 a.m.,,MON 16th 9.00 a.m.
15,"Flat 1, 74 Holland Park, Notting Hill, London W11 3SL",,,FRI 6th 10.00 a.m.,,MON 9th 10.00 a.m.,,WED 11th 10.00 a.m.,,FRI 13th 10.00 a.m.,SAT 14th 10.00 a.m.,
16,"67 Keston Road, Thornton Heath, Surrey CR7 6BL",,THURS 5th 12 noon,,SAT 7th 12 noon,,,WED 11th 12 noon,,FRI 13th 12 noon,,MON 16th 12 noon
17,"3 Eatons Mead, Chingford, London E4 8AN",WED 4th 12.30 p.m.,,FRI 6th 12.30 p.m.,,MON 9th 12.30 p.m.,,,THURS 12th 12.30 p.m.,,SAT 14th 12.30 p.m.,
18,"3 Sunningdale Avenue, Barking, Essex IG11 7QF",,THURS 5th 1.30 p.m.,,SAT 7th 1.30 p.m.,,,WED 11th 1.30 p.m.,,FRI 13th 1.30 p.m.,,MON 16th 1.30 p.m.
19,"4C Fordwych Road, Kilburn, London NW2 3TP",,,FRI 6th 10.30 a.m.,,MON 9th 10.30 a.m.,,WED 11th 10.30 a.m.,,FRI 13th 10.30 a.m.,SAT 14th 10.30 a.m.,
20,"21 Avondale Road, Mortlake, London SW14 8PU",,THURS 5th 4.45 p.m.,,SAT 7th 4.45 p.m.,,,WED 11th 4.45 p.m.,,FRI 13th 4.45 p.m.,,MON 16th 4.45 p.m.
21,"69 Nelson Street, East Ham, London E6 2QA",,THURS 5th 11.15 a.m.,,SAT 7th 11.15 a.m.,,,WED 11th 11.15 a.m.,,FRI 13th 11.15 a.m.,,MON 16th 11.15 a.m.
22,"48 Madras Road, Ilford, Essex IG1 2EY",,THURS 5th 11.00 a.m.,,SAT 7th 11.00 a.m.,,,WED 11th 11.00 a.m.,,FRI 13th 11.00 a.m.,,MON 16th 11.00 a.m.
23,"155 Gainsborough Avenue, Manor Park, London E12 6JN",,THURS 5th 9.00 a.m.,,SAT 7th 9.00 a.m.,,,WED 11th 9.00 a.m.,,FRI 13th 9.00 a.m.,,MON 16th 9.00 a.m.
24,"131 The Grampians, Shepherds Bush Road, Hammersmith, London W6 7NB",,,FRI 6th 2.15 p.m.,,MON 9th 2.15 p.m.,,WED 11th 2.15 p.m.,,FRI 13th 2.15 p.m.,SAT 14th 2.15 p.m.,
25,"19B Hemstal Road, Kilburn, London NW6 2AB",,THURS 5th 12.15 p.m.,,SAT 7th 12.15 p.m.,,TUES 10th 12.15 p.m.,,THURS 12th 12.15 p.m.,,,MON 16th 12.15 p.m.
26,"48 Howley Road, Croydon, Surrey CR0 1AZ",,THURS 5th 9.00 a.m.,,SAT 7th 9.00 a.m.,,,WED 11th 9.00 a.m.,,FRI 13th 9.00 a.m.,,MON 16th 9.00 a.m.
27,"244 Fencepiece Road, Ilford, Essex IG6 2ST",,THURS 5th 9.00 a.m.,,SAT 7th 9.00 a.m.,,,WED 11th 9.00 a.m.,,FRI 13th 9.00 a.m.,,MON 16th 9.00 a.m.
28,"Ground Floor Flat, 212 Norbury Crescent, Norbury, London SW16 4JY",,THURS 5th 2.15 p.m.,,SAT 7th 2.15 p.m.,,,WED 11th 2.15 p.m.,,FRI 13th 2.15 p.m.,,MON 16th 2.15 p.m.
29,"196 Cheston Avenue, Croydon, Surrey CR0 8DD",WED 4th 9.00 a.m.,,FRI 6th 9.00 a.m.,,MON 9th 9.00 a.m.,,,THURS 12th 9.00 a.m.,,SAT 14th 9.00 a.m.,
30,"21 Derby Road, Croydon, Surrey CR0 3SF",,THURS 5th 10.30 a.m.,,SAT 7th 10.30 a.m.,,,WED 11th 10.30 a.m.,,FRI 13th 10.30 a.m.,,MON 16th 10.30 a.m.
31,"41 Templecombe Way, Morden, Surrey SM4 4JG",WED 4th 10.00 a.m.,,FRI 6th 10.00 a.m.,,MON 9th 10.00 a.m.,,,THURS 12th 10.00 a.m.,,SAT 14th 10.00 a.m.,
32,"4 Glendish Road, Tottenham, London N17 9XT",WED 4th 3.15 p.m.,,FRI 6th 3.15 p.m.,,MON 9th 3.15 p.m.,,,THURS 12th 3.15 p.m.,,SAT 14th 3.15 p.m.,
33,"58 Welllington Road, Forest Gate, London E7 9BU",WED 4th 9.00 a.m.,,FRI 6th 9.00 a.m.,,MON 9th 9.00 a.m.,,,THURS 12th 9.00 a.m.,,SAT 14th 9.00 a.m.,
34,"92 Geraldine Road, Wandsworth, London SW18 2NL",,THURS 5th 2.15 p.m.,,SAT 7th 2.15 p.m.,,,WED 11th 2.15 p.m.,,FRI 13th 2.15 p.m.,,MON 16th 2.15 p.m.
35,"34 Edenvale Road, Mitcham, Surrey CR4 2DN",WED 4th 1.00 p.m.,,FRI 6th 1.00 p.m.,,MON 9th 1.00 p.m.,,,THURS 12th 1.00 p.m.,,SAT 14th 1.00 p.m.,
36,"9A Frognal, West Hampstead, London NW3 6AL",,,FRI 6th 11.15 a.m.,,MON 9th 11.15 a.m.,,WED 11th 11.15 a.m.,,FRI 13th 11.15 a.m.,SAT 14th 11.15 a.m.,
37,"1 Shepherds Bush Road, Hammersmith, London W6 7NA",,,FRI 6th 2.45 p.m.,,MON 9th 2.45 p.m.,,WED 11th 2.45 p.m.,,FRI 13th 2.45 p.m.,SAT 14th 2.45 p.m.,
38,"14 Quill Lane, Putney, London SW15 1PD",,THURS 5th 3.15 p.m.,,SAT 7th 3.15 p.m.,,,WED 11th 3.15 p.m.,,FRI 13th 3.15 p.m.,,MON 16th 3.15 p.m.
39,"16 Winterstoke Road, Catford, London SE6 4UG",WED 4th 9.45 a.m.,,FRI 6th 9.45 a.m.,,MON 9th 9.45 a.m.,,,THURS 12th 9.45 a.m.,,SAT 14th 9.45 a.m.,
40,"43 Beckway Road, Tooting, London SW16 4HB",,THURS 5th 3.30 p.m.,,SAT 7th 3.30 p.m.,,,WED 11th 3.30 p.m.,,FRI 13th 3.30 p.m.,,MON 16th 3.30 p.m.
41,"Flat 2, 23 Ash Tree Dell, Kingsbury, London NW9 0AG",,THURS 5th 10.30 a.m.,,SAT 7th 10.30 a.m.,,TUES 10th 10.30 a.m.,,THURS 12th 10.30 a.m.,,,MON 16th 10.30 a.m.
42,"1 Rochester House, 22 Sharratt Street, South Bermondsey, London SE15 1PN",WED 4th 12 noon,,FRI 6th 12 noon,,MON 9th 12 noon,,,THURS 12th 12 noon,,SAT 14th 12 noon,
43,"88 Sunningvale Avenue, Biggin Hill, Westerham Kent TN16 3TT",,THURS 5th 9.30 a.m.,,SAT 7th 9.30 a.m.,,,WED 11th 9.30 a.m.,,FRI 13th 9.30 a.m.,,MON 16th 9.30 a.m.
44,"4 Oakmead Road, Balham, London SW12 9SL",,THURS 5th 10.30 a.m.,,SAT 7th 10.30 a.m.,,,WED 11th 10.30 a.m.,,FRI 13th 10.30 a.m.,,MON 16th 10.30 a.m.
45,"9 Maybury Street, Tooting, London SW17 0SB",WED 4th 2.30 p.m.,,FRI 6th 2.30 p.m.,,MON 9th 2.30 p.m.,,,THURS 12th 2.30 p.m.,,SAT 14th 2.30 p.m.,
46,"27 Ripley Road, Canning Town, London E16 3EA",,THURS 5th 1.45 p.m.,,SAT 7th 1.45 p.m.,,,WED 11th 1.45 p.m.,,FRI 13th 1.45 p.m.,,MON 16th 1.45 p.m.
47,"14 Newton House, Union Grove, Battersea, London SW8 2RZ",,THURS 5th 9.00 a.m.,,SAT 7th 9.00 a.m.,,,WED 11th 9.00 a.m.,,FRI 13th 9.00 a.m.,,MON 16th 9.00 a.m.
48,"104 Upton Park Road, Forest Gate, London E7 8LB",,THURS 5th 3.45 p.m.,,SAT 7th 3.45 p.m.,,,WED 11th 3.45 p.m.,,FRI 13th 3.45 p.m.,,MON 16th 3.45 p.m.
49,"33 Comerford Road, Brockley, London SE4 2BA",WED 4th 10.30 a.m.,,FRI 6th 10.30 a.m.,,MON 9th 10.30 a.m.,,,THURS 12th 10.30 a.m.,,SAT 14th 10.30 a.m.,
50,"16 Romney Court, Haverstock Hill, Hampstead, London NW3 4RX",,THURS 5th 1.45 p.m.,,SAT 7th 1.45 p.m.,,TUES 10th 1.45 p.m.,,THURS 12th 1.45 p.m.,,,MON 16th 1.45 p.m.
51,"45 Ropery Street, Bow, London E3 4QH",WED 4th 10.15 a.m.,,FRI 6th 10.15 a.m.,,MON 9th 10.15 a.m.,,,THURS 12th 10.15 a.m.,,SAT 14th 10.15 a.m.,
52,"Flat 19, 8-10 Chelsea Embankment, Chelsea, London SW3 4LE",,,FRI 6th 11.30 a.m.,,MON 9th 11.30 a.m.,,WED 11th 11.30 a.m.,,FRI 13th 11.30 a.m.,SAT 14th 11.30 a.m.,
53,"29 Cambria Close, Hounslow, Middlesex TW3 3RR",,THURS 5th 3.45 p.m.,,SAT 7th 3.45 p.m.,,TUES 10th 3.45 p.m.,,THURS 12th 3.45 p.m.,,,MON 16th 3.45 p.m.
54,"35 Candahar Road, Battersea, London SW11 2QA",,THURS 5th 12.45 p.m.,,SAT 7th 12.45 p.m.,,,WED 11th 12.45 p.m.,,FRI 13th 12.45 p.m.,,MON 16th 12.45 p.m.
55,"115 Chapter Road, Willesden, London NW2 5LH",,THURS 5th 12.15 p.m.,,SAT 7th 12.15 p.m.,,TUES 10th 12.15 p.m.,,THURS 12th 12.15 p.m.,,,MON 16th 12.15 p.m.
56,"24 Cleveland Mansions, Mowll Street, Stockwell, London SW9 0ES",WED 4th 2.15 p.m.,,FRI 6th 2.15 p.m.,,MON 9th 2.15 p.m.,,,THURS 12th 2.15 p.m.,,SAT 14th 2.15 p.m.,
57,"50 De'Arn Gardens, Mitcham, Surrey CR4 3AY",WED 4th 12.15 p.m.,,FRI 6th 12.15 p.m.,,MON 9th 12.15 p.m.,,,THURS 12th 12.15 p.m.,,SAT 14th 12.15 p.m.,
58,"23 Bourne Street, Croydon, Surrey CR0 1XL",,THURS 5th 9.45 a.m.,,SAT 7th 9.45 a.m.,,,WED 11th 9.45 a.m.,,FRI 13th 9.45 a.m.,,MON 16th 9.45 a.m.
59,"27 Surrey Lane, Battersea, London SW11 3PA",,THURS 5th 1.30 p.m.,,SAT 7th 1.30 p.m.,,,WED 11th 1.30 p.m.,,FRI 13th 1.30 p.m.,,MON 16th 1.30 p.m.
60,"82 Trevelyan Road, Tooting, London SW17 9LN",WED 4th 1.45 p.m.,,FRI 6th 1.45 p.m.,,MON 9th 1.45 p.m.,,,THURS 12th 1.45 p.m.,,SAT 14th 1.45 p.m.,
61,"8 Park Court, Balham Park Road, Balham, London SW12 8DS",,THURS 5th 11.15 a.m.,,SAT 7th 11.15 a.m.,,,WED 11th 11.15 a.m.,,FRI 13th 11.15 a.m.,,MON 16th 11.15 a.m.
62,"Top Floor Flat, 28 South Hill Park, Hampstead, London NW3 2SB",,,FRI 6th 12 noon,,MON 9th 12 noon,,WED 11th 12 noon,,FRI 13th 12 noon,SAT 14th 12 noon,
63,"136B Leghorn Road, Harlesden, London NW10 4PG",,THURS 5th 3.15 p.m.,,SAT 7th 3.15 p.m.,,TUES 10th 3.15 p.m.,,THURS 12th 3.15 p.m.,,,MON 16th 3.15 p.m.
64,"1 Pump Alley, Brentford, Middlesex TW8 0AE",,,FRI 6th 3.30 p.m.,,MON 9th 3.30 p.m.,,WED 11th 3.30 p.m.,,FRI 13th 3.30 p.m.,SAT 14th 3.30 p.m.,
65,"The Loft House, 2 Hurlingham Business Park, Sulivan Rd, Fulham, London SW6 3DU",,,FRI 6th 12.30 p.m.,,MON 9th 12.30 p.m.,,WED 11th 12.30 p.m.,,FRI 13th 12.30 p.m.,SAT 14th 12.30 p.m.,
66,"90 Alvechurch Road, Birmingham, West Midlands B31 3QW",,,,,,,,,,,
67,"3 Bexley High Street, Bexley Village, Kent DA5 1AB",,THURS 5th 12.15 p.m.,,SAT 7th 12.15 p.m.,,,WED 11th 12.15 p.m.,,FRI 13th 12.15 p.m.,,MON 16th 12.15 p.m.
68,"135 Windsor Road, Ilford, Essex IG1 1HE",,THURS 5th 11.45 a.m.,,SAT 7th 11.45 a.m.,,,WED 11th 11.45 a.m.,,FRI 13th 11.45 a.m.,,MON 16th 11.45 a.m.
69,"3 Talbot Court, Blackbird Hill, Kingsbury, London NW9 8SB",,THURS 5th 11.15 a.m.,,SAT 7th 11.15 a.m.,,TUES 10th 11.15 a.m.,,THURS 12th 11.15 a.m.,,,MON 16th 11.15 a.m.
70,"Ground Floor Flat, 57 Oldfield Road, Willesden, London NW10 9UD",,THURS 5th 1.45 p.m.,,SAT 7th 1.45 p.m.,,TUES 10th 1.45 p.m.,,THURS 12th 1.45 p.m.,,,MON 16th 1.45 p.m.
71,"3 James Court, 281 Church Road, Norwood, London SE19 2QQ",WED 4th 1.30 p.m.,,FRI 6th 1.30 p.m.,,MON 9th 1.30 p.m.,,,THURS 12th 1.30 p.m.,,SAT 14th 1.30 p.m.,
72,"37A Dovercourt Avenue, Thornton Heath, Surrey CR7 7LJ",,THURS 5th 1.30 p.m.,,SAT 7th 1.30 p.m.,,,WED 11th 1.30 p.m.,,FRI 13th 1.30 p.m.,,MON 16th 1.30 p.m.
73,"86 Belleville Road, Battersea, London SW11 6PP",,THURS 5th 12 noon,,SAT 7th 12 noon,,,WED 11th 12 noon,,FRI 13th 12 noon,,MON 16th 12 noon
74,"60E Waller Road, New Cross, London SE14 5LA",WED 4th 11.15 a.m.,,FRI 6th 11.15 a.m.,,MON 9th 11.15 a.m.,,,THURS 12th 11.15 a.m.,,SAT 14th 11.15 a.m.,
75,"Upper Maisonette, 18 Campbell Road, Croydon, Surrey CR0 2SQ",,,,,,,,,,,
76,"Top Floor Flat, 164 Ifield Road, West Brompton, London SW10 9AF",,,FRI 6th 10.45 a.m.,,MON 9th 10.45 a.m.,,WED 11th 10.45 a.m.,,FRI 13th 10.45 a.m.,SAT 14th 10.45 a.m.,
77,"The Oaks, Rectory Road, Tolleshunt Knights, Maldon, Essex CM9 8EZ",,THURS 5th 10.30 a.m.,,SAT 7th 10.30 a.m.,,,WED 11th 2.30 p.m.,,FRI 13th 10.30 a.m.,,MON 16th 10.30 a.m.
78,"Land adj to The Oaks, Rectory Road, Tolleshunt Knights, Maldon, Essex CM9 8EZ",,,,,,,,,,,
79,"Land at The Oaks, Rectory Road, Tolleshunt Knights, Maldon, Essex CM9 8EZ",,,,,,,,,,,
80,"123 St Nicholas Court, 121 Aldriche Way, Chingford, London E4 9LX",WED 4th 9.45 a.m.,,FRI 6th 9.45 a.m.,,MON 9th 9.45 a.m.,,,THURS 12th 9.45 a.m.,,SAT 14th 9.45 a.m.,
81,"27 Manston, Adams Road, Tottenham London N17 6HU",,,,SAT 7th 4.00 p.m.,,,WED 11th 4.00 p.m.,,FRI 13th 4.00 p.m.,,MON 16th 4.00 p.m.
82,"31 Tremaine Road, Birbeck, London SE20 7UA",WED 4th 11.15 a.m.,,FRI 6th 11.15 a.m.,,MON 9th 11.15 a.m.,,,THURS 12th 11.15 a.m.,,SAT 14th 11.15 a.m.,
83,"Flat 1, 111 Sumatra Road, West Hampstead, London NW6 1PL",,THURS 5th 10.15 a.m.,,SAT 7th 10.15 a.m.,,TUES 10th 10.15 a.m.,,THURS 12th 10.15 a.m.,,,MON 16th 10.15 a.m.
84,"Flat 2, 111 Sumatra Road, West Hampstead, London NW6 1PL",,THURS 5th 10.15 a.m.,,SAT 7th 10.15 a.m.,,TUES 10th 10.15 a.m.,,THURS 12th 10.15 a.m.,,,MON 16th 10.15 a.m.
85,"2 Grandon Cottages, Horsham Road, Holmwood, near Dorking, Surrey RH5 4LT",,THURS 5th 12 noon,,SAT 7th 12 noon,,TUES 10th 12 noon,,THURS 12th 12 noon,,SAT 14th 12 noon,
86,"Kingsley, Cattershall Lane, Godalming, Surrey GU7 1LF",,THURS 5th 12.30 p.m.,,SAT 7th 12.30 p.m.,MON 9th 12.30 p.m.,,WED 11th 12.30 p.m.,,FRI 13th 12.30 p.m.,,
87,"6 Pandora Road, West Hampstead, London NW6 1TT",,THURS 5th 11.30 a.m.,,SAT 7th 11.30 a.m.,,TUES 10th 11.30 a.m.,,THURS 12th 11.30 a.m.,,,MON 16th 11.30 a.m.
88,"111 Daubeney Road, Clapton, London E5 0EG",WED 4th 12.30 p.m.,,FRI 6th 12.30 p.m.,,MON 9th 12.30 p.m.,,,THURS 12th 12.30 p.m.,,SAT 14th 12.30 p.m.,
89,"First Floor Flat, 2 Rostella Road, Tooting, London SW17 0HY",WED 4th 3.15 p.m.,,FRI 6th 3.15 p.m.,,MON 9th 3.15 p.m.,,,THURS 12th 3.15 p.m.,,SAT 14th 3.15 p.m.,
90,"2 Rostella Road, Tooting, London SW17 0HY",WED 4th 3.15 p.m.,,FRI 6th 3.15 p.m.,,MON 9th 3.15 p.m.,,,THURS 12th 3.15 p.m.,,SAT 14th 3.15 p.m.,
91,"Garden Flat, 39 First Avenue, Acton, London W3 7JP",,,FRI 6th 9.00 a.m.,,MON 9th 9.00 a.m.,,WED 11th 9.00 a.m.,,FRI 13th 9.00 a.m.,SAT 14th 9.00 a.m.,
92,"36 Tasso Road, Hammersmith, London W6 8LZ",,,FRI 6th 1.15 p.m.,,MON 9th 1.15 p.m.,,WED 11th 1.15 p.m.,,FRI 13th 1.15 p.m.,SAT 14th 1.15 p.m.,
93,"40 Castlebar Road, Ealing, London W5 2DD",,THURS 5th 9.00 a.m.,,SAT 7th 9.00 a.m.,,TUES 10th 9.00 a.m.,,THURS 12th 9.00 a.m.,,,MON 16th 9.00 a.m.
94,"7 Lyndale Road, Redhill, Surrey RH1 2HA",,THURS 5th 11.00 a.m.,,SAT 7th 11.00 a.m.,,,WED 11th 11.00 a.m.,,FRI 13th 11.00 a.m.,,MON 16th 11.00 a.m.
95,"6 Birkdale Road, Abbey Wood, London SE2 9HX",,THURS 5th 9.45 a.m.,,SAT 7th 9.45 a.m.,,,WED 11th 9.45 a.m.,,FRI 13th 9.45 a.m.,,MON 16th 9.45 a.m.
96,"30 Goulds Green, Uxbridge, Middlesex UB8 3DG",WED 4th 11.00 a.m.,,,SAT 7th 10.00 a.m.,,,,,,SAT 14th 10.00 a.m.,
97,"Land to the Rear of 49/51 Keats Avenue, Harold Hill, Romford, Essex RM3 7AU",,,,,,,,,,,
98,"21 Belmore Lane, Holloway, London N7 0HT",WED 4th 3.45 p.m.,,FRI 6th 3.45 p.m.,,MON 9th 3.45 p.m.,,,THURS 12th 3.45 p.m.,,SAT 14th 3.45 p.m.,
99,"75 Globe Road, Bethnal Green, London E1 4DY",WED 4th 11.00 a.m.,,FRI 6th 11.00 a.m.,,MON 9th 11.00 a.m.,,,THURS 12th 11.00 a.m.,,SAT 14th 11.00 a.m.,
100,"125 Beaconsfield Road, Southall, Middlesex UB1 1BZ",,THURS 5th 12.15 p.m.,,SAT 7th 12.15 p.m.,,TUES 10th 12.15 p.m.,,THURS 12th 12.15 p.m.,,,MON 16th 12.15 p.m.
101,"27 Chingford Mount Road, Chingford, London E4 8LU",WED 4th 11.30 a.m.,,FRI 6th 11.30 a.m.,,MON 9th 11.30 a.m.,,,THURS 12th 11.30 a.m.,,SAT 14th 11.30 a.m.,
102,"17 Bensham Manor Road, Thornton Heath, Surrey CR7 7AD",WED 4th 4.30 p.m.,,FRI 6th 4.30 p.m.,,MON 9th 4.30 p.m.,,,THURS 12th 4.30 p.m.,,SAT 14th 4.30 p.m.,
103,"19A Rucklidge Avenue, Harlesden, London NW10 4QA",,THURS 5th 2.30 p.m.,,SAT 7th 2.30 p.m.,,TUES 10th 2.30 p.m.,,THURS 12th 2.30 p.m.,,,MON 16th 2.30 p.m.
104,"190 Holmesdale Road, South Norwood, London SE25 6PT",WED 4th 4.45 p.m.,,FRI 6th 4.45 p.m.,,MON 9th 4.45 p.m.,,,THURS 12th 4.45 p.m.,,SAT 14th 4.45 p.m.,
105,"66A Kingswood Road, Penge, London SE20 7BN",WED 4th 12 noon,,FRI 6th 12 noon,,MON 9th 12 noon,,,THURS 12th 12 noon,,SAT 14th 12 noon,
106,"First Floor Flat, 27 Windspoint Drive, Peckham, London SE15 1SD",WED 4th 12.45 p.m.,,FRI 6th 12.45 p.m.,,MON 9th 12.45 p.m.,,,THURS 12th 12.45 p.m.,,SAT 14th 12.45 p.m.,
107,"7 Austin Close, Coulsdon, Surrey CR5 1JT",,THURS 5th 12.45 p.m.,,SAT 7th 12.45 p.m.,,,WED 11th 12.45 p.m.,,FRI 13th 12.45 p.m.,,MON 16th 12.45 p.m.
108,"70 Shrewsbury Avenue, Harrow, Middlesex HA3 9NF",,THURS 5th 9.00 a.m.,,SAT 7th 9.00 a.m.,,TUES 10th 9.00 a.m.,,THURS 12th 9.00 a.m.,,,MON 16th 9.00 a.m.
109,"25 Lady Lane, Chelmsford, Essex CM2 0TG",,THURS 5th 11.00 a.m.,,SAT 7th 11.00 a.m.,,,WED 11th 11.00 a.m.,,FRI 13th 11.00 a.m.,,MON 16th 11.00 a.m.
110,"26 Boscombe Avenue, Leyton, London E10 6HY",,THURS 5th 11.30 a.m.,,SAT 7th 11.30 a.m.,,,WED 11th 11.30 a.m.,,FRI 13th 11.30 a.m.,,MON 16th 11.30 a.m.
111,"152 Beech Hall Road, Chingford, London E4 9NX",WED 4th 9.00 a.m.,,FRI 6th 9.00 a.m.,,MON 9th 9.00 a.m.,,,THURS 12th 9.00 a.m.,,SAT 14th 9.00 a.m.,
112,"9 Longlands Avenue, Coulsdon, Surrey CR5 2QY",,THURS 5th 1.45 p.m.,,SAT 7th 1.45 p.m.,,,WED 11th 1.45 p.m.,,FRI 13th 1.45 p.m.,,MON 16th 1.45 p.m.
113,"216 Whitehorse Lane, South Norwood, London SE25 6UX",WED 4th 3.45 p.m.,,FRI 6th 3.45 p.m.,,MON 9th 3.45 p.m.,,,THURS 12th 3.45 p.m.,,SAT 14th 3.45 p.m.,
114,"28A Messina Avenue, Kilburn, London NW6 4LD",,THURS 5th 1.00 p.m.,,SAT 7th 1.00 p.m.,,TUES 10th 1.00 p.m.,,THURS 12th 1.00 p.m.,,,MON 16th 1.00 p.m.
115,"48 Belmont Park Road, Leyton, London E10 6AX",,THURS 5th 10.45 a.m.,,SAT 7th 10.45 a.m.,,,WED 11th 10.45 a.m.,,FRI 13th 10.45 a.m.,,MON 16th 10.45 a.m.
116,"10B Courtland Avenue, Ilford, Essex IG1 3DW",,THURS 5th 10.00 a.m.,,SAT 7th 10.00 a.m.,,,WED 11th 10.00 a.m.,,FRI 13th 10.00 a.m.,,MON 16th 10.00 a.m.
117,"119 Auckland Hill, West Norwood, London SE27 9PG",WED 4th 3.45 p.m.,,FRI 6th 3.45 p.m.,,MON 9th 3.45 p.m.,,,THURS 12th 3.45 p.m.,,SAT 14th 3.45 p.m.,
118,"68 Ladysmith Avenue, East Ham, London E6 3AR",,THURS 5th 12 noon,,SAT 7th 12 noon,,,WED 11th 12 noon,,FRI 13th 12 noon,,MON 16th 12 noon
119,"4 Broadway House, Bromley Road, Bromley, Kent BR1 4PA",,THURS 5th 3.45 p.m.,,SAT 7th 3.45 p.m.,,,WED 11th 3.45 p.m.,,FRI 13th 3.45 p.m.,,MON 16th 3.45 p.m.
120,"70 Radstock Way, Merstham Redhill, Surrey RH1 3NH",,THURS 5th 11.45 a.m.,,SAT 7th 11.45 a.m.,,,WED 11th 11.45 a.m.,,FRI 13th 11.45 a.m.,,MON 16th 11.45 a.m.
121,"84 Belmont Road, South Norwood, London SE25 4QF",WED 4th 10.30 a.m.,,FRI 6th 10.30 a.m.,,MON 9th 10.30 a.m.,,,THURS 12th 10.30 a.m.,,SAT 14th 10.30 a.m.,
122,"52-54 Glentham Road, Barnes, London SW13 9JJ",,THURS 5th 4.00 p.m.,,SAT 7th 4.00 p.m.,,,WED 11th 4.00 p.m.,,FRI 13th 4.00 p.m.,,MON 16th 4.00 p.m.
123,"18 Kirkham Street, Plumstead, London SE18 2JU",,THURS 5th 10.30 a.m.,,SAT 7th 10.30 a.m.,,,WED 11th 10.30 a.m.,,FRI 13th 10.30 a.m.,,MON 16th 10.30 a.m.
124,"11B Bodney Road, Hackney, London E8 1AY",WED 4th 1.30 p.m.,,FRI 6th 1.30 p.m.,,MON 9th 1.30 p.m.,,,THURS 12th 1.30 p.m.,,SAT 14th 1.30 p.m.,
125,"28 The Drive, Thornton Heath, Surrey CR7 8LA",WED 4th 3.00 p.m.,,FRI 6th 3.00 p.m.,,MON 9th 3.00 p.m.,,,THURS 12th 3.00 p.m.,,SAT 14th 3.00 p.m.,
126,"Flat 7, 4 Dunheved Road North, Thornton Heath, Surrey CR7 6AH",,THURS 5th 12.45 p.m.,,SAT 7th 12.45 p.m.,,,WED 11th 12.45 p.m.,,FRI 13th 12.45 p.m.,,MON 16th 12.45 p.m.
127,"453a Downham Way, Bromley, Kent BR1 5HS",,THURS 5th 3.00 p.m.,,SAT 7th 3.00 p.m.,,,WED 11th 3.00 p.m.,,FRI 13th 3.00 p.m.,,MON 16th 3.00 p.m.
128,"53 Whernside Close, Thamesmead, London SE28 6HB",,THURS 5th 9.00 a.m.,,SAT 7th 9.00 a.m.,,,WED 11th 9.00 a.m.,,FRI 13th 9.00 a.m.,,MON 16th 9.00 a.m.
129,"185 Kingston Road, Wimbledon, London SW19 1LH",WED 4th 4.15 p.m.,,FRI 6th 4.15 p.m.,,MON 9th 4.15 p.m.,,,THURS 12th 4.15 p.m.,,SAT 14th 4.15 p.m.,
130,"228 Tokyngton Avenue, Harrow, Middlesex HA9 6HJ",,THURS 5th 10.30 a.m.,,SAT 7th 10.30 a.m.,,TUES 10th 10.30 a.m.,,THURS 12th 10.30 a.m.,,,MON 16th 10.30 a.m.
131,"9 Plaiters Way, Bidwell, Houghton Regis, Bedfordshire LU5 6JZ",,,FRI 6th 3.30 p.m.,,,TUES 10th 3.30 p.m.,,THURS 12th 3.30 p.m.,,SAT 14th 11.30 a.m.,
132,"108 Lopen Road, Edmonton, London N18 1PU",WED 4th 1.30 p.m.,,FRI 6th 1.30 p.m.,,MON 9th 1.30 p.m.,,,THURS 12th 1.30 p.m.,,SAT 14th 1.30 p.m.,
133,"44 St Georges Court, Melford Road, East Ham, London E6 3RA",,THURS 5th 12.45 p.m.,,SAT 7th 12.45 p.m.,,,WED 11th 12.45 p.m.,,FRI 13th 12.45 p.m.,,MON 16th 12.45 p.m.
134,"14A Hawthorn Road, Harlesden, London NW10 2ND",,THURS 5th 4.00 p.m.,,SAT 7th 4.00 p.m.,,TUES 10th 4.00 p.m.,,THURS 12th 4.00 p.m.,,,MON 16th 4.00 p.m.
135,"5A Cambridge Gardens, Kilburn, London NW6 5AE",,,FRI 6th 3.45 p.m.,,MON 9th 3.45 p.m.,,WED 11th 3.45 p.m.,,FRI 13th 3.45 p.m.,SAT 14th 3.45 p.m.,
136,"19A Hoveden Road, Cricklewood, London NW2 3XE",,THURS 5th 9.30 a.m.,,SAT 7th 9.30 a.m.,,TUES 10th 9.30 a.m.,,THURS 12th 9.30 a.m.,,,MON 16th 9.30 a.m.
137,"26 Gloucester Road, Leyton, London E10 7HT",,THURS 5th 12.15 p.m.,,SAT 7th 12.15 p.m.,,,WED 11th 12.15 p.m.,,FRI 13th 12.15 p.m.,,MON 16th 12.15 p.m.
138,"16 Kintyre Court, 41 New Park Road, Streatham Hill, London SW2 4DY",,THURS 5th 9.45 a.m.,,SAT 7th 9.45 a.m.,,,WED 11th 9.45 a.m.,,FRI 13th 9.45 a.m.,,MON 16th 9.45 a.m.
139,"Flat 2, 99 Mount Pleasant Road, Lewisham, London SE13 6RG",,THURS 5th 4.45 p.m.,,SAT 7th 4.45 p.m.,,,WED 11th 4.45 p.m.,,FRI 13th 4.45 p.m.,,MON 16th 4.45 p.m.
140,"33 Ridsdale Road, Anerley, London SE20 8AE",WED 4th 12.45 p.m.,,FRI 6th 12.45 p.m.,,MON 9th 12.45 p.m.,,,THURS 12th 12.45 p.m.,,SAT 14th 12.45 p.m.,
141,"5 Sunnymead Avenue, Mitcham, Surrey CR4 1EW",,THURS 5th 4.45 p.m.,,SAT 7th 4.45 p.m.,,,WED 11th 4.45 p.m.,,FRI 13th 4.45 p.m.,,MON 16th 4.45 p.m.
142,"154F West Green Road, Tottenham, London N15 5AE",,,,,,,,,,,
143,"14 Allanbridge, Bethune Road, Stoke Newington, London N16 5DE",,,,SAT 7th 2.15 p.m.,,,WED 11th 2.15 p.m.,,FRI 13th 2.15 p.m.,SAT 14th 2.15 p.m.,
144,"43 Debden, Gloucester Road, Tottenham, London N17 6LN",,THURS 5th 4.30 p.m.,,SAT 7th 4.30 p.m.,,,WED 11th 4.30 p.m.,,FRI 13th 4.30 p.m.,,MON 16th 4.30 p.m.
145,"Ground Floor Flat, 17 Miles Road, Mitcham, Surrey CR4 3DA",WED 4th 11.30 a.m.,,FRI 6th 11.30 a.m.,,MON 9th 11.30 a.m.,,,THURS 12th 11.30 a.m.,,SAT 14th 11.30 a.m.,
146,"Flat 3, 7 Stanger Road, South Norwood, London SE25 5JU",WED 4th 9.45 a.m.,,FRI 6th 9.45 a.m.,,MON 9th 9.45 a.m.,,,THURS 12th 9.45 a.m.,,SAT 14th 9.45 a.m.,
147,"2 Muston Road, Clapton, London E5 9LH",,THURS 5th 1.15 p.m.,,SAT 7th 1.15 p.m.,,,WED 11th 1.15 p.m.,,FRI 13th 1.15 p.m.,,MON 16th 1.15 p.m.
148,"Garage Rear of 16 Muirkirk Road, Catford, London SE6 1BE",,,,SAT 7th 5.30 p.m.,,,WED 11th 5.30 p.m.,,FRI 13th 5.30 p.m.,,MON 16th 5.30 p.m.
149,"182 Strone Road, Forest Gate, London E7 8ES",,THURS 5th 4.30 p.m.,,SAT 7th 4.30 p.m.,,,WED 11th 4.30 p.m.,,FRI 13th 4.30 p.m.,,MON 16th 4.30 p.m.
150,"16 Brook Court, 510 Ripple Road, Barking, Essex IG11 9JU",,THURS 5th 2.15 p.m.,,SAT 7th 2.15 p.m.,,,WED 11th 2.15 p.m.,,FRI 13th 2.15 p.m.,,MON 16th 2.15 p.m.
151,"26 Bunbury House, Fenham Road, Peckham, London SE15 1AA",WED 4th 1.15 p.m.,,FRI 6th 1.15 p.m.,,MON 9th 1.15 p.m.,,,THURS 12th 1.15 p.m.,,SAT 14th 1.15 p.m.,
152,"Land adj to 12 New Close, Wimbledon, London SW19 2SY",WED 4th 10.45 a.m.,,FRI 6th 10.45 a.m.,,MON 9th 10.45 a.m.,,,THURS 12th 10.45 a.m.,,SAT 14th 10.45 a.m.,
153,"Site to the Rear of 14 Beech Walk, Mill Hill, London NW7 3PH",,,,,,,,,,,
154,"9 Parklands, 234 Peckham Rye, East Dulwich, London SE22 0LS",WED 4th 9.00 a.m.,,FRI 6th 9.00 a.m.,,MON 9th 9.00 a.m.,,,THURS 12th 9.00 a.m.,,SAT 14th 9.00 a.m.,
155,"75 Rogers Estate, Globe Road, Bethnal Green, London E20 0JZ",WED 4th 11.30 a.m.,,FRI 6th 11.30 a.m.,,MON 9th 11.30 a.m.,,,THURS 12th 11.30 a.m.,,SAT 14th 11.30 a.m.,
156,"15 Impington, Willingham Way, Kingston Upon Thames, Surrey KT1 3HZ",WED 4th 9.00 a.m.,,FRI 6th 9.00 a.m.,,MON 9th 9.00 a.m.,,,THURS 12th 9.00 a.m.,,SAT 14th 9.00 a.m.,
157,"40 Ospringe Court, Alderwood Road, Eltham, London SE9 2LD",,,,,,,WED 11th 1.15 p.m.,,FRI 13th 1.15 p.m.,,MON 16th 1.15 p.m.
158,"7 Edinburgh Road, Walthamstow, London E17 7QA",,THURS 5th 9.45 a.m.,,SAT 7th 9.45 a.m.,,,WED 11th 9.45 a.m.,,FRI 13th 9.45 a.m.,,MON 16th 9.45 a.m.
159,"249 Somerset Gardens, Creighton Road, Tottenham, London N17 8JY",WED 4th 2.30 p.m.,,FRI 6th 2.30 p.m.,,MON 9th 2.30 p.m.,,,THURS 12th 2.30 p.m.,,SAT 14th 2.30 p.m.,
160,"43 Kempton Road, East Ham, London E6 2LG",,THURS 5th 9.45 a.m.,,SAT 7th 9.45 a.m.,,,WED 11th 9.45 a.m.,,FRI 13th 9.45 a.m.,,MON 16th 9.45 a.m.
161,"110 Marvels Lane, Lewisham, London SE12 9PG",,THURS 5th 2.15 p.m.,,SAT 7th 2.15 p.m.,,,WED 11th 2.15 p.m.,,FRI 13th 2.15 p.m.,,MON 16th 2.15 p.m.
162,"The Empress Hotel, 59 Exchange Street, Blackpool, Lancashire FY1 2DZ",,,,,,,,,,,
163,"18E Hilgrove Road, South Hampstead, London NW6 4TN",,THURS 5th 3.00 p.m.,,SAT 7th 3.00 p.m.,,TUES 10th 3.00 p.m.,,THURS 12th 3.00 p.m.,,,MON 16th 3.00 p.m.
164,"Tynewydd Farm, Mountain View, Treherbert, Treorchy, Wales CF42 5LU",,,,,,,,,,,
165,"56E Amberley Road, Maida Vale, London W9 2JL",,,FRI 6th 2.15 p.m.,,MON 9th 2.15 p.m.,,WED 11th 2.15 p.m.,,FRI 13th 2.15 p.m.,SAT 14th 2.15 p.m.,
166,"53B Bravington Road, Maida Vale, London W9 3AA",,,FRI 6th 4.15 p.m.,,MON 9th 4.15 p.m.,,WED 11th 4.15 p.m.,,FRI 13th 4.15 p.m.,SAT 14th 4.15 p.m.,
167,"15A Onslow Parade, Osidge Lane, Southgate, London N14 5JN",WED 4th 4.30 p.m.,,FRI 6th 4.30 p.m.,,MON 9th 4.30 p.m.,,,THURS 12th 4.30 p.m.,,SAT 14th 4.30 p.m.,
168,"18 St. Annes Court, Stanley Road, Sutton, Surrey SM2 6RX",,THURS 5th 2.45 p.m.,,SAT 7th 2.45 p.m.,,,WED 11th 2.45 p.m.,,FRI 13th 2.45 p.m.,,MON 16th 2.45 p.m.
169,"22 Helgiford Gardens, Sunbury on Thames, Middlesex TW16 7NB",,THURS 5th 2.45 p.m.,,SAT 7th 2.45 p.m.,,TUES 10th 2.45 p.m.,,THURS 12th 2.45 p.m.,,,MON 16th 2.45 p.m.
170,"4E Stuart Tower, 105 Maida Vale, Maida Vale, London W9 1UE",,,FRI 6th 12.45 p.m.,,MON 9th 12.45 p.m.,,WED 11th 12.45 p.m.,,FRI 13th 12.45 p.m.,SAT 14th 12.45 p.m.,
171,"Land adj to Ellsbridge House, Bath Road, Keynsham, Somerset BS31 1TL",,,,,,,,,,,
172,"23 Isham Road, Streatham, London SW16 4TH",,,,SAT 7th 3.00 p.m.,,,WED 11th 3.00 p.m.,,FRI 13th 3.00 p.m.,,MON 16th 3.00 p.m.
173,"Garages at Greenvale Drive (South Site), Timsbury, Somerset BA3 1HP",,,,,,,,,,,
174,"Garages at Greenvale Drive (North Site), Timsbury, Somerset BA3 1HP",,,,,,,,,,,
175,"Land adj to 7 Layburn Crescent, Colnbrook, Slough, Berkshire SL3 8QL",,,,,,,,,,,
176,"Land at Woodlands Fishers Lane, Cold Ash, near Newbury, Berkshire RG18 9NF",,,,,,,,,,,
177,"Land at Poyle Meadows, Horton Road, Polye, Berkshire SL3 0AT",,,,,,,,,,,
178,"Land adj to Ravensbury Arms, Carshalton Road, Mitcham, Surrey CR4 4HN",,,,,,,,,,,
179,"3 The Cottage, Lower Marsh Lane, Kingston Surrey KT1 3BN",,,,,,,,,,,
180,"Former Booster Station, off Stowe Road, Water Stratford, Buckingham MK18",,,,,,,,,,,
181,"Land rear of 89 Wolborough Street, Newton Abbot, Devon TQ12 1LG",,,,,,,,,,,
182,"Land Surrounding a Pumping Station, off Ashwell Rd, Bygrave, Baldock, Herts SG7",,,,,,,,,,,
183,"13 Balmoral Road, Gillingham, Kent ME7 4PY",,,,,,,,,,,
184,"Site at 65-71 Yarborough Road, Lincoln, Lincolnshire LN1 1HS",,,,,,,,,,,
185,"51 South View Road, Grays, Essex RM20 4AT",,THURS 5th 12 noon,,SAT 7th 2.00 p.m.,,TUES 10th 12 noon,,,FRI 13th 12 noon,,
186,"Flat 4, 32 Albany Road, West Ealing, London W13 8PG",,THURS 5th 4.45 p.m.,,SAT 7th 4.45 p.m.,,TUES 10th 4.45 p.m.,,THURS 12th 4.45 p.m.,,,MON 16th 4.45 p.m.
187,"Flat 5, 32 Albany Road, West Ealing, London W13 8PG",,THURS 5th 4.45 p.m.,,SAT 7th 4.45 p.m.,,TUES 10th 4.45 p.m.,,THURS 12th 4.45 p.m.,,,MON 16th 4.45 p.m.
188,"254A Coldharbour Lane, Brixton, London SW9 8SE",WED 4th 3.00 p.m.,,FRI 6th 3.00 p.m.,,MON 9th 3.00 p.m.,,,THURS 12th 3.00 p.m.,,SAT 14th 3.00 p.m.,
189,"4 Mulberry Court, Elgar Avenue, Harlesden, London NW10 8PH",,THURS 5th 1.00 p.m.,,SAT 7th 1.00 p.m.,,TUES 10th 1.00 p.m.,,THURS 12th 1.00 p.m.,,,MON 16th 1.00 p.m.
190,"11 Pavilion Court, 2 Stafford Road, Kilburn, London NW6 5YX",,,FRI 6th 3.00 p.m.,,MON 9th 3.00 p.m.,,WED 11th 3.00 p.m.,,FRI 13th 3.00 p.m.,SAT 14th 3.00 p.m.,
191,"Flat 18, 16 Belsize Grove, Belsize Park, London NW3 4UN",,THURS 5th 2.15 p.m.,,SAT 7th 2.15 p.m.,,TUES 10th 2.15 p.m.,,THURS 12th 2.15 p.m.,,,MON 16th 2.15 p.m.
192,"63 Midhurst Hill, Bexleyheath, Kent DA6 7NP",,THURS 5th 11.30 a.m.,,SAT 7th 11.30 a.m.,,,WED 11th 11.30 a.m.,,FRI 13th 11.30 a.m.,,MON 16th 11.30 a.m.
193,"25 Prospect House, Donegal Street, Islington, London N1 9QD",,,,,MON 9th 12.30 p.m.,,WED 11th 12.30 p.m.,,,,
194,"162 Quilter Road, Basingstoke, Hampshire RG22 4HB",,,FRI 6th 11.00 a.m.,,,TUES 10th 11.00 a.m.,,,FRI 13th 11.00 a.m.,,MON 16th 11.00 a.m.
195,"39 Middle Street, Salisbury, Wiltshire SP2 8LR",,THURS 5th 3.15 p.m.,,,,TUES 10th 3.15 p.m.,,,FRI 13th 12.30 p.m.,,MON 16th 12.30 p.m.
196,"Site at 61 Invicta Road, Greenwich, London SE3 7HD",,,,,,,,,,,
197,"Garages at 106-141 Shipwrights Avenue, Chatham, Kent ME4 5JD",,,,,,,,,,,
198,"Meon House, 78 High Street, Cosham, Portsmouth, Hampshire PO6 3FG",,,,,,,,,,,
199,"1-6 Crofton House, 110 London Road West, Bath, Somerset BA1 7DB",,,,,,,,,,,
200,"The Old Maltings, Station Road, Pulham St Mary, Diss, Norfolk IP21 4RU",,,,,,,,,,,
201,"38 Alie Street, Whitechapel, London E1 8DA",,,,,,,,,,,
202,"Ruddle Minor, Ruddlemoor, St Austell, Cornwall PL26 8XF",,,FRI 6th 12.15 p.m.,,,TUES 10th 12.15 p.m.,WED 11th 12.15 p.m.,,FRI 13th 12.15 p.m.,,
203,"4 Norwood Way, Frinton-on-Sea, Essex CO14 8NH",WED 4th 10.00 a.m.,,,SAT 7th 2.00 p.m.,,TUES 10th 10.00 a.m.,,THURS 12th 4.00 p.m.,,,MON 16th 10.30 a.m.
204,"Land to The Rear of 53 & 55 How Wood, St Albans, Hertfordshire AL2 2RW",,,,,,,,,,,
205,"Garage Rear of 16 Jerdan Place, Fulham, London SW6 1BH",,,,,,,,,,,
206,"Winners Sports Bar, South Beach Parade, Great Yarmouth, Norfolk NR30 3QL",,,,,,,,,,,
207,"14D Hilgrove Road, South Hampstead, London NW6 4TN",,THURS 5th 3.45 p.m.,,SAT 7th 3.45 p.m.,,TUES 10th 3.45 p.m.,,THURS 12th 3.45 p.m.,,,MON 16th 3.45 p.m.
208,"10 Staburn Court, 51 Burnt Oak Broadway, Edgware, Middlesex HA8 5JT",,THURS 5th 9.45 a.m.,,SAT 7th 9.45 a.m.,,TUES 10th 9.45 a.m.,,THURS 12th 9.45 a.m.,,,MON 16th 9.45 a.m.
209,"16B Huddlestone Road, Willesden, London NW2 5DN",,,FRI 6th 9.45 a.m.,,MON 9th 9.45 a.m.,,WED 11th 9.45 a.m.,,FRI 13th 9.45 a.m.,SAT 14th 9.45 a.m.,
210,"19 Parkinson Street, Bolton, Greater Manchester BL3 5PH",,THURS 5th 4.15 p.m.,,SAT 7th 10.30 a.m.,,TUES 10th 4.15 p.m.,,THURS 12th 10.30 a.m.,,,MON 16th 10.30 a.m.
211,"24 Densmore Street, Failsworth, Manchester M35 0FY",,THURS 5th 2.45 p.m.,,SAT 7th 9.00 a.m.,,TUES 10th 2.45 p.m.,,THURS 12th 9.00 a.m.,,,MON 16th 9.00 a.m.
212,"17 Victoria Street, Failsworth, Manchester M35 0HZ",,THURS 5th 3.15 p.m.,,SAT 7th 9.30 a.m.,,TUES 10th 3.15 p.m.,,THURS 12th 9.30 a.m.,,,MON 16th 9.30 a.m.
213,"6 April Court, 107 Northwood Road, Thornton Heath, Surrey CR7 8HW",WED 4th 2.15 p.m.,,FRI 6th 2.15 p.m.,,MON 9th 2.15 p.m.,,,THURS 12th 2.15 p.m.,,SAT 14th 2.15 p.m.,
214,"90 Billy Lawn Avenue, Leigh Park, Havant, Portsmouth, Hampshire PO9 5HN",,THURS 5th 2.00 p.m.,,,,TUES 10th 12 noon,,,FRI 13th 11.00 a.m.,,
215,"3 Railway Cottages, Reedness Junction, Swinefleet, Goole, East Yorkshire DN14 8DS",,THURS 5th 1.45 p.m.,,SAT 7th 12.45 p.m.,,TUES 10th 1.45 p.m.,,THURS 12th 12.45 p.m.,,,MON 16th 12.45 p.m.
216,"32 Brazil Street, Hull, East Yorkshire HU9 1JZ",,THURS 5th 3.00 p.m.,,SAT 7th 2.00 p.m.,,TUES 10th 3.00 p.m.,,THURS 12th 2.00 p.m.,,,MON 16th 2.00 p.m.
217,"37 Albany Street, South Shields, Tyne and Wear NE33 4DH",,THURS 5th 10.00 a.m.,,,,TUES 10th 10.00 a.m.,,THURS 12th 10.00 a.m.,,,MON 16th 10.00 a.m.
218,"10 Latimer Street, Tynemouth, North Shields, Tyne and Wear NE30 4EY",,THURS 5th 11.00 a.m.,,,,TUES 10th 11.00 a.m.,,THURS 12th 11.00 a.m.,,,MON 16th 11.00 a.m.
